full_text,normalized,label,label_manual
Masalahnya pelakunya ini serial pinjol. Dalam 5 tahun udah 3 kali kejadian dengan nominal gede banget (up to 3 digits). 1. Pertama udah ngaku jadiin kita kondar. Kita maafin tapi akhirnya kita cut contact. 2. Kedua kita pilih cuek dan blokir semua DC. 3. Sekarang kejadian,masalahnya pelakunya ini serial pinjaman online dalam tahun sudah kali kejadian dengan nominal gede sangat up to digits pertama sudah ngaku jadiin kita kondar kita maafin tapi akhirnya kita cut contact kedua kita pilih cuek dan blokir semua debt collector sekarang kejadian,negatif,positif
@twuicei Terdesak ekonomi apa terdesak pinjaman online atau jod*l ??,terdesak ekonomi apa terdesak pinjaman online atau jodl,positif,positif
Kalau lagi butuh dana mendesak biasanya langsung kepikiran buat pinjam ya? Tapi sebenarnya pinjaman juga ada waktu yang tepat lho Kawan! Kapan sih waktu yang pas supaya pengajuan lebih nyaman dan peluang disetujui lebih besar? Yuk simak postingan ini sampai habis! https://t.co/r2WVqktQgX,kalau lagi butuh dana mendesak biasanya langsung kepikiran untuk pinjam ya tapi sebenarnya pinjaman juga ada waktu yang tepat lho kawan kapan waktu yang pas supaya pengajuan lebih nyaman dan peluang disetujui lebih besar yuk simak postingan ini sampai habis,positif,positif
Malam guys yg kejebak pinjol atau butuh pinpri nom besar aku avail ya! chat on dm sebutin nominal dan kebutuhannya. ‼️ gak nerima COWO PENGANGGURAN AKUN KOSONGAN ‼️#pinpri #zonauang,malam guys yang kejebak pinjaman online atau butuh pinjaman pribadi nom besar saya avail ya chat on dm sebutin nominal dan kebutuhannya tidak nerima cowo pengangguran akun kosongan,positif,positif
@zalkad Duit pinjol ini kayaknya masuk ke luar negeri ya?,duit pinjaman online ini kayaknya masuk ke luar negeri ya,positif,positif
@jaiiibruv untuk rekening bank kalo ga salah ada website yang kita bisa cek rekening itu penipu apa ngga nanti korban juga bisa upload rekeningnya disitu. kalo no. wa sih yg riskan tp kalo dibarengi bukti² penipuannya harusnya ga masalah ga si??,untuk rekening bank kalau tidak salah ada website yang kita dapat cek rekening itu penipu apa ngga nanti korban juga dapat upload rekeningnya disitu kalau no wa yang riskan tapi kalau dibarengi bukti penipuannya harusnya tidak masalah tidak si,negatif,negatif
@heijikmund @noirfiore @notwilona korban ya kali kasus kamera di ruang ganti gw nyalahin korban ya kali di kasus penipuan pernikahan yang pelakunya cewe dan korbannya cewe gw nyalahin si korban,korban ya kali kasus kamera di ruang ganti saya nyalahin korban ya kali di kasus penipuan pernikahan yang pelakunya cewe dan korbannya cewe saya nyalahin si korban,negatif,negatif
@PorosHalangID Dia emang masih status pinjaman ya?,dia memang masih status pinjaman ya,positif,positif
enaknya nagih utang yang udah 2 tahun lebih ga bayar gimana ya? nominalnya lumayan 2 digit.,enaknya nagih utang yang sudah tahun lebih tidak bayar bagaimana ya nominalnya lumayan digit,negatif,negatif
Yung mga mukha nila pwede nyo ng ipang-bayad sa utang ng Pilipinas https://t.co/cdESDXLvSp,yung mga mukha nila pwede nyo ng ipangbayad sa utang ng pilipinas,negatif,negatif
@PanduJaPa @OniDewono @aldotjahjadi8 Jika banyak yang gagal bayar (NPL tinggi) negara lewat APBN yang tanggung beban utama: - Jamkrindo/LPS harus bayar klaim jaminan pinjaman. - Subsidi bunga tetap jalan meski kredit macet. - Bisa butuh suntikan modal tambahan ke BRI/BNI/Mandiri. Akibatnya: defisit APBN,jika banyak yang gagal bayar npl tinggi negara lewat apbn yang tanggung beban utama jamkrindolps harus bayar klaim jaminan pinjaman subsidi bunga pinjaman tetap jalan meski kredit macet dapat butuh suntikan modal tambahan ke bribnimandiri akibatnya defisit apbn,negatif,positif
Pa maaf kami tdk bs terima pengajuan pinjaman Bp lagi. Krn bp sdh 2x meminjam tapi bp melunasinya sebelum jatuh tempo Lah bukannya bagus melunasi paylater sebelum jatuh tempo Dasar pinjol keknya seneng liat orang susah ,pa maaf kami tdk bs terima pengajuan pinjaman bp lagi karena bp sdh x meminjam tapi bp melunasinya sebelum jatuh tempo lah bukannya bagus melunasi bayar nanti sebelum jatuh tempo dasar pinjaman online keknya seneng melihat orang susah,negatif,positif
Jirlah..iklannya pinjol muluuu pdhl dah pake vpn. Mana lama bener..emosi jiwaahhhh https://t.co/9XZXZ3ygg7,jirlahiklannya pinjaman online muluuu pdhl dah menggunakan vpn mana lama beneremosi jiwaahhhh,positif,positif
@rerefasola Kayaknya dari dulu juga banyak tapi gak terlapor apalagi kalau korbannya anak-anak mungkin belum terlalu ngeh kejadian yg menimpa dia tuh kekerasan seksual atau mungkin kalau korban diancam jadi takut cerita ke siapapun. ,kayaknya dari dulu juga banyak tapi tidak terlapor apalagi kalau korbannya anakanak mungkin belum terlalu ngeh kejadian yang menimpa dia itu kekerasan seksual atau mungkin kalau korban diancam jadi takut cerita ke siapapun,negatif,negatif
Kata mereka! Kemiskinan turun Pengangguranturun Pertumbuhan ekonominaik Nilai tukar rupiah5000an Utang NegaraNaik Harga-hargaStabil KesehatanGratis PendidikanGratis Korupsimeningkat. RakyatSejahtera Sayang itu dipidato² saja. https://t.co/QLcePdwZ9w,kata mereka kemiskinan turun pengangguranturun pertumbuhan ekonominaik nilai tukar rupiahan utang negaranaik hargahargastabil kesehatangratis pendidikangratis korupsimeningkat rakyatsejahtera sayang itu dipidato saja,negatif,negatif
@dk_itu_dokyeom @christianvctrs Obligasi adalah surat utang yang diterbitkan oleh pemerintah perusahaan atau lembaga lainnya untuk meminjam uang dari investor. Dengan kata lain ketika kamu membeli obligasi kamu sedang meminjamkan uang kepada penerbit obligasi tersebut.,obligasi adalah surat utang yang diterbitkan oleh pemerintah perusahaan atau lembaga lainnya untuk meminjam uang dari investor dengan kata lain ketika kamu membeli obligasi kamu sedang meminjamkan uang kepada penerbit obligasi tersebut,negatif,negatif
MANILA UTANG NA LOOB,manila utang na loob,negatif,negatif
@belongstoelle 1. Fokus pada pelaku jadi butuh namanya edukasi consent sejak dini 2. Perbaikan lingkungan sama sistem hukum yg masih lemah 3. Penguatan Budaya Sosial(biar stigmanya fokus ke pelaku bukan korban) 4. Empowerment korban(tdk menyalahkan tpi investigasi) sekian dari aku...,fokus pada pelaku jadi butuh namanya edukasi consent sejak dini perbaikan lingkungan sama sistem hukum yang masih lemah penguatan budaya sosialbiar stigmanya fokus ke pelaku bukan korban empowerment korbantdk menyalahkan tpi investigasi sekian dari saya,negatif,positif
Nggak perlu khawatir data menunjukkan Indonesia tetap disiplin kelola rasio utang #CeliosPenikmatDanaSoros https://t.co/MUBrnlB7NJ,tidak perlu khawatir data menunjukkan indonesia tetap disiplin kelola rasio utang,negatif,negatif
@sebatasnafas @rojekult @momwholifts Mau itu keluarga sendiri gue ga perduli karna mau sampe kapanpun bundir itu tidak di perbolehkan di normalisasi lu liat kasus yang terjun di jembatan tau masalahnya apa cinta uang di kampung gue gantung diri tau masalahnya apa judol pinjol tau yang bikin ribet siapa.,ingin itu keluarga sendiri saya tidak perduli karna ingin sampe kapanpun bundir itu tidak di perbolehkan di normalisasi kamu melihat kasus yang terjun di jembatan tau masalahnya apa cinta uang di kampung saya gantung diri tau masalahnya apa judi online pinjaman online tau yang bikin ribet siapa,positif,positif
@grok Kalau pinjaman mara? @grok,kalau pinjaman mara,positif,positif
@soberninna Jadi galbay ga kak? Aman ga?,jadi gagal bayar tidak kak aman tidak,negatif,positif
the problem - dia pinjol - dia meng eksploitasi gue (dengan cara nyuruh gue live gak senonoh dan menggoda cowo supaya nyawer or gift) - dia beli motor zx secara cash pake hasil jerih payah gue - dia jual motor nya tanpa sepengetahuan gue dan dia lunasin pinjol dia duluan,the problem dia pinjaman online dia meng eksploitasi saya dengan cara nyuruh saya live tidak senonoh dan menggoda cowo supaya nyawer or gift dia beli motor zx secara cash menggunakan hasil jerih payah saya dia jual motor nya tanpa sepengetahuan saya dan dia lunasin pinjaman online dia duluan,positif,positif
@AelixA15052 Hai Sobat BRI tidak perlu khawatir kami sampaikan untuk autodebet akan disesuaikan pada tanggal jatuh tempo yang ditentukan saat akad kredit. Dapat disampaikan jenis pinjaman yang dimiliki melalui DM. Dapatkan informasi terbaru seputar layanan dan promo BRI dengan,hai sobat bri tidak perlu khawatir kami sampaikan untuk autodebet akan disesuaikan pada tanggal jatuh tempo yang ditentukan saat akad kredit dapat disampaikan jenis pinjaman yang dimiliki melalui dm dapatkan informasi terbaru seputar layanan dan promo bri dengan,positif,positif
@KangManto123 Utang jatuh tempo 833 trilyun bayar tuh,utang jatuh tempo trilyun bayar itu,negatif,negatif
@nael_idrx beda . walaupun pinjaman crypto udah live di Indonesia pasti pinjol bakal tetep gede angkanya. kenapa banyak yg pinjol kan krn gak perlu jaminan apa apa selain ktp.,beda walaupun pinjaman crypto sudah live di indonesia pasti pinjaman online bakal tetep gede angkanya kenapa banyak yang pinjaman online kan karena tidak perlu jaminan apa apa selain ktp,positif,positif
Apa? Klik-klik je dapat PT Points Ha Meh sini Min bagitahu dengan kempen myPTPTN Klik Klik Do It! setiap transaksi bayaran balik pinjaman PTPTN melalui myPTPTN minimum RM1 000 dalam satu resit dapat kumpul PT Points tau. Setiap RM1 000 = 500 PT Points Apa boleh buat https://t.co/pD6FVIn1jm,apa klikklik je dapat pt points ha meh sini min bagitahu dengan kempen myptptn klik klik do it setiap transaksi bayaran balik pinjaman ptptn melalui myptptn minimum rm dalam satu resit dapat kumpul pt points tau setiap rm pt points apa boleh untuk,positif,positif
Member seventeen ternyata masih pinjam-pinjaman barang ,member seventeen ternyata masih pinjampinjaman barang,positif,positif
@rshinyu @247ToUs eh tolong ya elu kamu aja masih utang peje,eh tolong ya elu kamu saja masih utang peje,negatif,negatif
@mrtweepsID Gak perna kepikiran untuk pakai pinjol lebih banyak cerita negatifnya ketimbang positif.,tidak perna kepikiran untuk pakai pinjaman online lebih banyak cerita negatifnya ketimbang positif,positif,positif
@_jacobson91 @Mar33Cj Hilaf berulang sampai 50 korban itu sesat pikir. Itu perbiatan bejat tak bertuhan bahkan seperti binatang di hutan kelakuannya. Kiai binatang namanya.,hilaf berulang sampai korban itu sesat pikir itu perbiatan bejat tak bertuhan bahkan seperti binatang di hutan kelakuannya kiai binatang namanya,negatif,positif
@liabilitree Kontrol nafsu belanja belanja yg wajar jangan sampe pinjol berbunga tinggi,kontrol nafsu belanja belanja yang wajar jangan sampe pinjaman online berbunga tinggi,negatif,positif
Duh jangan nembung utang ke aku aku we mumet ngecakke duitku ,duh jangan nembung utang ke saya saya we mumet ngecakke duitku,negatif,negatif
Selama ini gue gapernah blokir mantan gue cuma satusatunya mantan gue yg gue blokir cuma angga dan itu jg karena lo tololbgt anjir main pinjol tp gabisa tanggung jawab. Giliran udah numpuk lo mohon2 minta bantu. Minta bantuan gasi harusnya ke selingkuhannya,selama ini saya gapernah blokir mantan saya cuma satusatunya mantan saya yang saya blokir cuma angga dan itu juga karena kamu tololbgt anjir main pinjaman online tapi gabisa tanggung jawab giliran sudah numpuk kamu mohon meminta bantu meminta bantuan gasi harusnya ke selingkuhannya,positif,positif
@rxzkammr_ @GadingInsomnia Pengajuan pinjaman iki mesti,pengajuan pinjaman iki mesti,positif,positif
Desi korupsi buat bayarin utang² Farhan CATATAN INVESTIGASI SENA #TerikatJanjiEp32,desi korupsi untuk bayarin utang farhan catatan investigasi sena,negatif,negatif
Batas waktu 1 Juli: Beberapa rencana pembayaran pinjaman mahasiswa mungkin dihapus memengaruhi jutaan peminjam di AS. Tekanan finansial yang meningkat dapat mengurangi belanja konsumen berdampak negatif pada pasar saham dan ekonomi makro. Apakah kebijakan ini akan memicu re ,batas waktu juli beberapa rencana pembayaran pinjaman mahasiswa mungkin dihapus memengaruhi jutaan peminjam di as tekanan finansial yang meningkat dapat mengurangi belanja konsumen berdampak negatif pada pasar saham dan ekonomi makro apakah kebijakan ini akan memicu re,positif,positif
@tanyarlfes berapapun boleh asal jangan ngutang atau pinjol atau paylater lah.. pake CC boleh tapi expense jangan lebih banyak dari income yah,berapapun boleh asal jangan ngutang atau pinjaman online atau bayar nanti lah menggunakan cc boleh tapi expense jangan lebih banyak dari income yah,negatif,negatif
@GheaJhanaLie7 Yg ini ya..? Pembohongan Publik Barbuk pinjaman Koleksi Orang dikasus KM50..? https://t.co/YvvuQNhhit,yang ini ya pembohongan publik barbuk pinjaman koleksi orang dikasus km,positif,positif
Yg jelas rupiah anjlok tajam berpotensi menimbulkan ketakpastian artinya tak ada dampak positifnya dari pertumbuhan. Ini malah akan berisiko buruk dlm waktu dekat. Beban utang meroket biaya impor membengkak akibat inflasi akan menggerus daya beli kelas menengah ke bawah..,yang jelas rupiah anjlok tajam berpotensi menimbulkan ketakpastian artinya tak ada dampak positifnya dari pertumbuhan ini malah akan berisiko buruk dlm waktu dekat beban utang meroket biaya impor membengkak akibat inflasi akan menggerus daya beli kelas menengah ke bawah,negatif,negatif
@Hidupsebagai62 Lah ojk aja sibuk soft selling pinjol ,lah otoritas jasa keuangan saja sibuk soft selling pinjaman online,positif,positif
malaamm kamu banyak cicilan spaylatter spinjam kredivo tapi belum jatuh tempo sini aku bantu joki pinjol dari pada galob tulob terus jangan nunggu tagihannya telat nanti malah di tolak fee aku di akhirr #jokipinjol #gestun #pinjol #gestun #pinpri https://t.co/eXOIvUse3J,malaamm kamu banyak cicilan spaylatter spinjam kredivo tapi belum jatuh tempo sini saya bantu joki pinjaman online dari pada galob tulob terus jangan nunggu tagihannya telat nanti malah di tolak fee saya di akhirr,negatif,positif
@AnakLolina2 Seperti yang bang august posting sehari2 ekonomi kita kurang baik. Sehingga banyak yang pakai pinjol. Alhamdulillah bang august sptnya tidak pakai pinjol/paylater. Pertahankan bang,seperti yang bang august posting sehari ekonomi kita kurang baik sehingga banyak yang pakai pinjaman online alhamdulillah bang august sptnya tidak pakai pinjolpaylater pertahankan bang,positif,positif
gue gak bilang bahwa nilai dollar naik itu tdk penting tp gak perlu buat narasi krisis 98 jilid 2. jgn menilai krisis ekonomi dr kurs dan utang negara doan.g GDP PMI Retail Sales gak diukur?,saya tidak mengatakan bahwa nilai dollar naik itu tdk penting tapi tidak perlu untuk narasi krisis jilid jgn menilai krisis ekonomi dari kurs dan utang negara saja gdp pmi retail sales tidak diukur,negatif,negatif
@rudysirwi Masih cari pinjaman kk. Buat bayar arisan nya https://t.co/pdFYdqm44H,masih cari pinjaman kk untuk bayar arisan nya,positif,positif
gw gamau mama gw buta masih banyak bgtbgtbgt hal indah di dunia ini yg musti dia lihat dia harus bisa umroh gw harus bisa liat dia umroh atau as simple as masak dengan hepi di rumah. jadi kayanya gw bakal ambil pinjol aja dan ngajuin operasi mama gw.,saya gamau mama saya buta masih banyak bgtbgtbgt hal indah di dunia ini yang musti dia lihat dia harus dapat umroh saya harus dapat melihat dia umroh atau as simple as masak dengan hepi di rumah jadi kayanya saya bakal ambil pinjaman online saja dan ngajuin operasi mama saya,positif,positif
punya banyak utang gini mumet bgt dah mna ada pinjol jgaaa definisi bikin hidup ribet sendiri tolong pencerahannya plss dah ngga ada masukan masalahnya,punya banyak utang gini mumet banget dah mna ada pinjaman online jgaaa definisi bikin hidup ribet sendiri tolong pencerahannya plss dah ngga ada masukan masalahnya,negatif,negatif
@tanyakanrl kalau beneran tumbuh sih angka debitur pinjol gak naik nyatanya angka debitur YoY naik 26% dan angka kredit macet juga mengalami kenaikan,kalau benar benar tumbuh angka debitur pinjaman online tidak naik nyatanya angka debitur yoy naik dan angka kredit macet juga mengalami kenaikan,positif,positif
@xpeacessea bcs i have utang wkwkwk,bcs i have utang tertawa,negatif,negatif
@vosa0503 mau disentuh tagihan pinjol? biar langsung bangun mentalnya,ingin disentuh tagihan pinjaman online biar langsung bangun mentalnya,negatif,positif
@bismillahyuk_ plis kak aku udah lunas pinjaman di KP tapi gabisa tutup akun katanya pembayaran tagihan anda belum 5 tahun ada yg tau cara tutup akunnya ga ya? ,plis kak saya sudah lunas pinjaman di kp tapi gabisa tutup akun katanya pembayaran tagihan anda belum tahun ada yang tau cara tutup akunnya tidak ya,negatif,positif
damn banyak banget utang upchar,damn banyak sangat utang upchar,negatif,negatif
Mohon pihak bertanggungjawab menyiasat perkara berkenaan &amp; melakukan kempen banteras pinjaman Along di setiap lapisan masyarakat majmuk dalam negara. ,mohon pihak bertanggungjawab menyiasat perkara berkenaan amp melakukan kempen banteras pinjaman along di setiap lapisan masyarakat majmuk dalam negara,positif,positif
Coach Leo utang na loob yung solid na first five please. This is a must-win game!,coach leo utang na loob yung solid na first five please this is a mustwin game,negatif,negatif
#2 DEFISIT ANGGARAN terjadi ketika total belanja negara melampaui total pendapatan. DEFISIT KESEIMBANGAN PRIMER terjadi ketika pendapatan negara lebih kecil dari belanja negara di luar pembayaran bunga utang. Kondisi ini bermakna: untuk membayar utang yang sudah ada pemerintah,defisit anggaran terjadi ketika total belanja negara melampaui total pendapatan defisit keseimbangan primer terjadi ketika pendapatan negara lebih kecil dari belanja negara di luar pembayaran bunga pinjaman utang kondisi ini bermakna untuk membayar utang yang sudah ada pemerintah,negatif,negatif
@Ruq4yy4 Knp kan utang aja,kenapa kan utang saja,negatif,negatif
Komdigi drpd ngurusin video yg onoh mending ngurusin judol pinjol ini yg jelas merugikan BANYAK orang,komdigi drpd ngurusin video yang onoh mending ngurusin judi online pinjaman online ini yang jelas merugikan banyak orang,negatif,positif
@plumparis punya utang kayanya,punya utang kayanya,negatif,negatif
OJK umumkan pinjol dan pegadaian tumbuh puluhan persen pada April 2026. Saat yang sama bisnis asuransi dan leasing hanya tumbuh di bawah 2% pada periode ini. Sedangkan bisnis bank tumbuh di atas 9%-an. Dalam periode yang sama BPS mengumumkan ekonomi tumbuh di atas konsensus,otoritas jasa keuangan umumkan pinjaman online dan pegadaian tumbuh puluhan persen pada april saat yang sama bisnis asuransi dan leasing hanya tumbuh di bawah pada periode ini sedangkan bisnis bank tumbuh di atas an dalam periode yang sama bps mengumumkan ekonomi tumbuh di atas konsensus,positif,positif
@nosan1tysane @HauntedCokelat @ninokinono Ahhh biasa inimah belum tau ajah seberapa keras teror DC pinjol daripada mereka,ahhh biasa inimah belum tau ajah seberapa keras teror debt collector pinjaman online daripada mereka,negatif,negatif
Ngeri asli dah kalo harus punya kreditan gede di tahun2 ini. Ngeri galbay kek jaman covid. ,ngeri asli dah kalau harus punya kreditan gede di tahun ini ngeri gagal bayar kek jaman covid,negatif,positif
@Jelli_cent Baru Maret udah narik utang 258T 31% dari target: kalau ngatur APBN kayak cicilan paylater yang gali lubang tutup lubang itu bukan pemerintah tapi rakyat yang nanggung bunganya. Asuuu,baru maret sudah narik utang t dari target kalau ngatur apbn kayak cicilan bayar nanti yang gali lubang tutup lubang itu bukan pemerintah tapi rakyat yang nanggung bunganya asuuu,negatif,negatif
Cover Jabotabek Pinjaman kta dari bank CIMB niaga bunga 0.99% dana pinjaman max 200 juta Syarat KTP cc NPWP rek bank Minat? Hub pak Yan 082213452343 Tabel terlampir https://t.co/T1jHsyfHfA,cover jabotabek pinjaman kta dari bank cimb niaga bunga pinjaman dana pinjaman max juta syarat ktp cc npwp rek bank minat hub pak yan tabel terlampir,positif,positif
@lisegaluv @ShopeeID @i_m_mortal_ @DivHumas_Polri pinjol galbay ga?,pinjaman online gagal bayar tidak,negatif,positif
@TheEconopost Apakah berarti ekonomi tinggi ditopang pinjol ? Pdhal pinjol bunga cukup tinggi. Apakah perbankan gak tertarik untuk suntik pendanaan pinjol juga ? Jika leasing lesu pinjol lebih seksi nih..,apakah berarti ekonomi tinggi ditopang pinjaman online pdhal pinjaman online bunga pinjaman cukup tinggi apakah perbankan tidak tertarik untuk suntik pendanaan pinjaman online juga jika leasing lesu pinjaman online lebih seksi ini,positif,positif
@DuniaRandoz4 Infonya begitu yang ramai diperbincangkan oum. Ya terlepas alibi atau apapun yang terjadi harapan besar ada jalan tengah yang bisa diambil dari kedua belah pihak. Jangan sampe hidup tergantung sama pinjol aja.,infonya begitu yang ramai diperbincangkan oum ya terlepas alibi atau apapun yang terjadi harapan besar ada jalan tengah yang dapat diambil dari kedua belah pihak jangan sampe hidup tergantung sama pinjaman online saja,positif,positif
@KapudS640 DC Mata Emprit Pinjol PRERMAN ORMAS pastinya ada kakak pembina kakak pelindung...ada setoran lah pastinya... Jadi mereka sakti²...,debt collector mata emprit pinjaman online prerman ormas pastinya ada kakak pembina kakak pelindungada setoran lah pastinya jadi mereka sakti,negatif,positif
@kapten__monyet Uang 200juta mau lunasin utang sama baikin rumah mama aamiin ya Allah,uang juta ingin lunasin utang sama baikin rumah mama aamiin ya allah,negatif,negatif
@Cielodulcee Semenjak ada pinjol judol lebih baik copas NIK. Paling aman.,semenjak ada pinjaman online judi online lebih baik copas nik paling aman,positif,positif
Info pinjaman bulan depan diganti ,informasi pinjaman bulan depan diganti,positif,positif
@Makaryo0 Jujur ini perlu banget karna KTP kita mudah banget diakses orang lain dan banyaknya scam2.. Hal yg paling ku takutin jujur cuma ini takut tbtb ditagih pinjol ratusan JT padahal bukan kita yg pinjam ,jujur ini perlu sangat karna ktp kita mudah sangat diakses orang lain dan banyaknya scam hal yang paling ku takutin jujur cuma ini takut tbtb ditagih pinjaman online ratusan jt padahal bukan kita yang pinjam,negatif,negatif
@tanyakanrl Gw ga paham.. kenapa A ngejar2.. kalo BPKB nya yg buat jaminan ya A lah yg harus bayar kreditnya kenapa jadi km? Maaf ortu mu kemana? Harusnya km yg ngejar uang itu kemana gimana ceritanya pinjaman Atas namamu tapi km ga tau,saya tidak paham kenapa a mengejar kalau bpkb nya yang untuk jaminan ya a lah yang harus bayar kreditnya kenapa jadi km maaf ortu mu kemana harusnya km yang mengejar uang itu kemana bagaimana ceritanya pinjaman atas namamu tapi km tidak tau,positif,positif
Total pinjaman dan pembiayaan BRI mengalami kenaikan sebesar 13 7% dibandingkan tahun lalu (YoY) menjadi Rp1.562 triliun. #KURBR #BRIUntukUMKM #SatuBankUntukSemua https://t.co/XLbExX5MFb,total pinjaman dan pembiayaan bri mengalami kenaikan sebesar dibandingkan tahun lalu yoy menjadi rp triliun,positif,positif
PENSTRUKTURAN SEMULA PINJAMAN PMKS: LANGKAH RINGANKAN TEKANAN KOS GLOBAL 'Yang sahih di RTM' #RTM #BeritaRTM #MalaysiaMadani #TaatSetia #BersamaMALAYSIAKU #RancakkanMADANI #MADANIBekerja https://t.co/C5KtPcGucu,penstrukturan semula pinjaman pmks langkah ringankan tekanan kos global yang sahih di rtm,positif,positif
@markmatchaey jujur kaya dikejar pinjol gdebak debuk banget sm,jujur kaya dikejar pinjaman online gdebak debuk sangat sama,negatif,positif
sumpah sih ini kek aku dulu. diterror orang pinjol. gegara nomer ku ada yang masukin di kontak cadangannya. dan aku ga kenal sama sekali sama yg pinjol. dan kata dc nya dia orang jateng. kek anjritlah silit memang,sumpah ini kek saya dulu diterror orang pinjaman online gegara nomer ku ada yang masukin di kontak cadangannya dan saya tidak kenal sama sekali sama yang pinjaman online dan kata debt collector nya dia orang jateng kek anjritlah silit memang,negatif,positif
Orang kalo udh judol pinjol emang ngefraud kemana-mana Gw diemin selama kerjaan bener Ternyata makin menjadi Makin gw tanya orang2 lain makin ketauan boongnya makin banyak yg akhirnya cerita,orang kalau sudah judi online pinjaman online memang ngefraud kemanamana saya diemin selama kerjaan benar ternyata makin menjadi makin saya tanya orang lain makin ketauan boongnya makin banyak yang akhirnya cerita,positif,positif
@Gendoet3G Iya....itu sekitar 10Thn yg lalu sebelum ada pinjol.,iyaitu sekitar thn yang lalu sebelum ada pinjaman online,positif,positif
@HauraAleta @KapudS640 Klo sekedar prkara bhong pengeluaran itu mah sepele mbak lakik ga akan kyak gtu itu bener.. Tp Klo udah d kasih royal tp duit ga tau kmna d tanya bingung tiba2 pinjol numpuk di tanyain buat apa aa ee aa ee.. msih nyalahin suami klo sampe gt?,kalau sekedar prkara bhong pengeluaran itu sepele mbak lakik tidak akan kyak gtu itu benar tapi kalau sudah d memberi royal tapi duit tidak tau kmna d tanya bingung tiba pinjaman online numpuk di tanyain untuk apa aa ee aa ee msih nyalahin suami kalau sampe gt,positif,positif
@Simemaki pembisiknya parah kan JK jadi keliatan kehilangan vibes ke negarawan. 1. ketipu AI 2. marah karna video di Potong 3. marah dilaporkan 19 ormas kristiani. 4. marah karna adeknya jadi tersangka korupsi. 5. marah karna utang ya diungkit. @KerjaHasil_id ada tambahan?,pembisiknya parah kan jk jadi keliatan kehilangan vibes ke negarawan tertipu ai marah karna video di potong marah dilaporkan ormas kristiani marah karna adeknya jadi tersangka korupsi marah karna utang ya diungkit ada tambahan,negatif,negatif
@insidefolkative Paling banyak buat gaya nongkrong di cafe Utang ga dibayar belaga paling tersakiti dan paling korban wkakakak,paling banyak untuk gaya nongkrong di cafe utang tidak dibayar belaga paling tersakiti dan paling korban wkakakak,negatif,negatif
@agataafck @SeismicSys @oxdfahmadd Id cardnya bisa buat pinjol gak ini,id cardnya dapat untuk pinjaman online tidak ini,positif,positif
Koperasi ana buka yaa pinjaman cepat 40 menit langsung cair #pinjaman #pinpri #pinjamanpribadi https://t.co/FvbHdW3mQH,koperasi ana buka yaa pinjaman cepat menit langsung cair,positif,positif
Jd aparatur desa itu gaji ngadelin siltap dan ada tambahan tamsil (tanah bengkong kek tanah pinjaman yg bisa dikelola dan hasil kelolanya itu adalah tambahan penghasilan untuk mrk). Jd mereka pas pensiun ga dpt pensiunan gaji aja katanya bisa baru turun beberapa bulan sekali,jadi aparatur desa itu gaji ngadelin siltap dan ada tambahan tamsil tanah bengkong kek tanah pinjaman yang dapat dikelola dan hasil kelolanya itu adalah tambahan penghasilan untuk mrk jadi mereka pas pensiun tidak dpt pensiunan gaji saja katanya dapat baru turun beberapa bulan sekali,positif,positif
Tidak karena ulah mamusia pemfitnah itu pzpua jadi korban.. kereta jadi korban.. karena mulut dan kepentimganya yang lain di deoan kita dan menysuk di belakang. Persis netayahu.. saya harus bunuh.. tidak oeduli orangya tedy atau bangsa yaman manapum di ampel.,tidak karena ulah mamusia pemfitnah itu pzpua jadi korban kereta jadi korban karena mulut dan kepentimganya yang lain di deoan kita dan menysuk di belakang persis netayahu saya harus bunuh tidak oeduli orangya tedy atau bangsa yaman manapum di ampel,negatif,positif
Kenapa ya ngechat aku cuma kalau lagi butuh pinjaman duit aja.. dikiranya aku punya banyak duit kah.. Minimal jbjb lah masa ngechat kalau lagi butuh doang.,kenapa ya ngechat saya cuma kalau lagi butuh pinjaman duit saja dikiranya saya punya banyak duit kah minimal jbjb lah masa ngechat kalau lagi butuh saja,positif,positif
@shazarities @Hidupsebagai62 Kak saya pernah kayagini. Di wa dc foto saya diambil dan dishare ke facebook. Saya aja ga kenal sama yg ngutang. Saya lapor ke ojk ke pihak pinjol tidak ada tanggapan. JAHAT BANGET MEMANG OKNUM DC ITU.,kak saya pernah kayagini di wa debt collector foto saya diambil dan dishare ke facebook saya saja tidak kenal sama yang ngutang saya lapor ke otoritas jasa keuangan ke pihak pinjaman online tidak ada tanggapan jahat sangat memang oknum debt collector itu,negatif,negatif
Says South Andaman District Admin has failed to take any action in the matter despite repeated complaints urges @DcSouthandaman to suspend all activities of AATO Shares copy of complaint made to DC South Andaman in December 2025 with @HawkEyeAndaman #CSANI #LGANI @PMOIndia https://t.co/OBuKwK1NMu,says south andaman district admin has failed to take any action in the matter despite repeated complaints urges to suspend all activities of aato shares copy of complaint made to debt collector south andaman in december with,negatif,positif
@brightlyweb3 @KapudS640 Hapus pinjol gak sih,hapus pinjaman online tidak,positif,positif
@Cielodulcee Gpp KL cm minta no kpt kak yg penting foto KTP KL bisa jangan Krn foto KTP bisa dipakai utk pinjol biar kita ga curigaan aja LBH tenang,gpp kalau cm meminta no kpt kak yang penting foto ktp kalau dapat jangan karena foto ktp dapat dipakai untuk pinjaman online biar kita tidak curigaan saja lbh tenang,positif,positif
@KucengTerbanggg klo sy tergantung yg nyanyi..klo dia suaranya bagus dan proper (minimal bwa gitar/gemerincinglah minimal) kukasih..tp klo udh suara sumbang nyanyi kek di kejar pinjol..gak kukasih..,kalau saya tergantung yang nyanyiklo dia suaranya bagus dan proper minimal bwa gitargemerincinglah minimal kukasihtp kalau sudah suara sumbang nyanyi kek di kejar pinjolgak kukasih,positif,positif
Gatau kenapa rasanya reall bgt apa efek kondisi lagi sakit gini ya? tapi aku terhibur bgt sm mimpi random jd member cortis tdi oiya aku jg masuk ke ruangan musik mereka yg di vlog joget plenger redred itu lo ihh aku rasa td lg dapet pinjaman arwah org yg disituu,gatau kenapa rasanya reall banget apa efek kondisi lagi sakit gini ya tapi saya terhibur banget sama mimpi random jadi member cortis tdi oiya saya juga masuk ke ruangan musik mereka yang di vlog joget plenger redred itu kamu ihh saya rasa td lagi mendapatkan pinjaman arwah orang yang disituu,positif,positif
anong prayer ba pinaka effective para makakuha ng svip or vip utang na loob,anong prayer ba pinaka effective para makakuha ng svip or vip utang na loob,negatif,negatif
@sbyfess Langsung datengin aja tetangganya nder. Entah dia mau buat pinjol atau buat uang gelap yg jelas bukan hal bagus kayaknya. Harus diperjelas ya kalo perlu misal ketauan itu niatnya buruk langsung umumin aja ke warga2 yg lain,langsung datengin saja tetangganya nder entah dia ingin untuk pinjaman online atau untuk uang gelap yang jelas bukan hal bagus kayaknya harus diperjelas ya kalau perlu misal ketauan itu niatnya buruk langsung umumin saja ke warga yang lain,positif,positif
Guys! Usahain jangan PINJOL sama jangan penasaran cobain JUDOL. Banyak udah yang bunuh diri karena kasus yang sama.,guys usahain jangan pinjaman online sama jangan penasaran cobain judi online banyak sudah yang bunuh diri karena kasus yang sama,negatif,positif
@msaid_didu @wahid118 Tetapi MENDIGI .lebih Perhatian Menanggapi KOMENTAR nya AMIEN RAIS biar Terkesan ABS Karena Terkait PS . Justru PINJOL JUDOL PORNOGRAFI yg zMenjadi Penyakit Masyarakat Tetap EKSIS !? HALO Bu MENTERI Jangan Takut di RESUFFLE karena Tidak ikut ABS !,tetapi mendigi lebih perhatian menanggapi komentar nya amien rais biar terkesan abs karena terkait ps justru pinjaman online judi online pornografi yang zmenjadi penyakit masyarakat tetap eksis halo bu menteri jangan takut di resuffle karena tidak ikut abs,negatif,negatif
@Rayaazhrar pinjaman pribadi gitu loh say,pinjaman pribadi gitu say,positif,positif
++ utang sa followers kasi emergency tasmakikita nalang nagbbar na tas kung kelan sabi magbabayad biglang nang ignore ,utang sa followers kasi emergency tasmakikita nalang nagbbar na tas kung kelan sabi magbabayad biglang nang ignore,negatif,negatif
@KapudS640 Kebetulan ajah org ditegor itu ternyata gerombolan sindikat pinjol mata elang/debt collectore.Krn mrk punya aplikasi bisa akses data pribadi qt dr plat motor.Krn kl cuma warga biasa gag mgkn bisa sedetail itu smpek ft KTP,kebetulan ajah orang ditegor itu ternyata gerombolan sindikat pinjaman online mata elangdebt collectorekrn mrk punya aplikasi dapat akses data pribadi qt dari plat motorkrn kalau cuma warga biasa gag mgkn dapat sedetail itu smpek ft ktp,negatif,positif
@littlesemongko @MiskinTV_ Yg pasti nmr buat pinjol kagak ada sih ,yang pasti nmr untuk pinjaman online kagak ada,positif,positif
